num,x,y,z,q1,q2,q3,q4
1,0.699426531791687,0.0832708552479744,0,0,0,-0.13373857326648636,0.9910166466919941
2,2.5089774131774902,-0.6802210211753845,0,0,0,-0.2955062671078214,0.955340801023384
3,2.7788825035095215,-2.1357696056365967,0,0,0,-0.8424022453540883,0.5388491969209853
4,1.6142863035202026,-3.3995273113250732,0,0,0,0.9859125579953044,0.16726155561621317
5,1.536240816116333,-3.9936254024505615,0,0,0,-0.7942324200875773,0.6076140739662228
6,2.458148717880249,-3.6687090396881104,0,0,0,0.5400755195044176,0.8416165595044061
7,3.2950034141540527,-0.7854034900665283,0,0,0,0.9813566040390715,0.19219577443039898
8,0.687813937664032,0.11175034195184708,0,0,0,0.9812689573121177,0.19264276112947845
